date,route,source_domain,url,sedan,crysta,note
2026-10-05,Chandigarh to Manali,trivenicabs.in,https://www.trivenicabs.in/chandigarh-to-manali,3410,5580,GST incl; tolls/parking/permits extra; page updated 14 Sep 2026
2026-10-05,Chandigarh to Manali,cabbazar.com,https://cabbazar.com/route/chandigarh-to-manali,2900,6749,sedan excl tolls (intro text says sedan from 6800 - contradicts table); Crysta toll+state tax incl
2026-10-05,Chandigarh to Manali,rajputanacabs.in,https://rajputanacabs.in/chandigarh/manali-taxi/,4500,8500,all inclusive per page; teaser 3999; modified 23 May 2026
2026-10-05,Delhi to Chandigarh,trivenicabs.in,https://www.trivenicabs.in/delhi-to-chandigarh,3300,5400,GST incl; tolls/parking extra; updated 14 Sep 2026
2026-10-05,Delhi to Chandigarh,cabbazar.com,https://cabbazar.com/route/delhi-to-chandigarh,2350,5800,sedan excl tolls; Crysta toll+state tax incl
2026-10-05,Delhi to Chandigarh,rajputanacabs.in,https://rajputanacabs.in/delhi/chandigarh-taxi/,2999,7200,also shows 2670 elsewhere; tolls not stated; modified 27 May 2026
2026-10-05,Delhi to Dehradun,oneway.cab,https://oneway.cab/delhi/dehradun/fare,3299,,starting from; tolls+taxes covered; SUV (not Crysta) from 4099
2026-10-05,Delhi to Dehradun,cabbazar.com,https://cabbazar.com/taxi/delhi-to-dehradun,2499,5643,tolls/state tax/parking extra
2026-10-05,Delhi to Dehradun,trivenicabs.in,https://www.trivenicabs.in/one-way-cab/delhi-to-dehradun,3300,5400,GST incl; tolls extra; updated 14 Sep 2026
2026-10-05,Delhi to Dehradun,gozocabs.com,https://www.gozocabs.com/book-taxi/delhi-dehradun,2784,,two Dzire prices (2784/3769) - lower recorded; tolls typically incl
2026-10-05,Delhi to Haridwar,trivenicabs.in,https://www.trivenicabs.in/delhi-to-haridwar,3300,5400,GST incl; toll+state tax extra; updated 14 Sep 2026
2026-10-05,Delhi to Haridwar,cabbazar.com,https://cabbazar.com/route/delhi-to-haridwar,1750,5290,sedan excl tolls +5% GST; Crysta toll+state tax incl
2026-10-05,Delhi to Haridwar,rajputanacabs.in,https://rajputanacabs.in/delhi/delhi-to-haridwar-taxi/fare/,2750,7999,tolls not stated; modified 3 May 2026
2026-10-05,Delhi to Haridwar,oneway.cab,https://oneway.cab/New-Delhi/haridwar/fare,1949,,starting from; tolls covered; SUV (not Crysta) from 2899
2026-10-05,Delhi to Manali,rajputanacabs.in,https://rajputanacabs.in/delhi/manali-taxi/,5999,15000,sedan figures disagree on page (4999/5999/6999); modified 22 Apr 2026
2026-10-05,Delhi to Manali,cabbazar.com,https://cabbazar.com/route/delhi-to-manali,4999,8100,sedan excl tolls; Crysta toll+state tax incl
2026-10-05,Delhi to Manali,trivenicabs.in,https://www.trivenicabs.in/one-way-cab/delhi-to-manali,5940,9720,GST incl; toll+state tax extra; verified 17 Apr 2026
2026-10-05,Delhi to Manali,oneway.cab,https://oneway.cab/New-Delhi/manali/fare,8899,,starting from; tolls covered; SUV (not Crysta) from 12499
2026-10-05,Chandigarh to Shimla,rajputanacabs.in,https://rajputanacabs.in/chandigarh/chandigarh-to-shimla-taxi/fare/,2500,4500,tolls not stated; modified 28 Apr 2026
2026-10-05,Chandigarh to Shimla,cabbazar.com,https://cabbazar.com/route/chandigarh-to-shimla,1499,4229,Crysta toll+state tax incl
2026-10-05,Chandigarh to Shimla,trivenicabs.in,https://www.trivenicabs.in/one-way-cab/chandigarh-to-shimla,3300,5400,tolls extra; 300 km min billing; updated 14 Sep 2026
2026-10-05,Chandigarh to Shimla,oneway.cab,https://oneway.cab/chandigarh/shimla/fare,1749,,starting from; tolls covered; SUV (not Crysta) from 2499
